"0--9.net";2017-01-21 17:00:00
"0-007.com";2017-01-19 17:00:00
"0-214.com";2017-01-23 17:00:00
"0-9a-z.com";2017-01-21 17:00:00
"0-dc-ao18-0.com";2017-01-23 17:00:00
"0-dc-ao20-0.com";2017-01-23 17:00:00
"0-hao.com";2017-01-21 17:00:00
"0-qas-ao17-0.com";2017-01-19 17:00:00
"0-soon.com";2017-01-19 17:00:00
"0-truck.com";2017-01-21 17:00:00
"0-z.se";2017-01-22 03:00:00
"0-z.nu";2017-02-15 03:00:00
"000-0.net";2017-01-19 17:00:00
"00000.nu";2017-01-25 03:00:00
"000000000.biz";2017-01-21 16:00:00
"0000000a.com";2017-01-23 17:00:00
"000000l.com";2017-01-20 17:00:00
"0000010.net";2017-01-21 17:00:00
"00000110.com";2017-01-22 17:00:00
"00000158.com";2017-01-21 17:00:00
"00000178.com";2017-01-21 17:00:00
"00000198.com";2017-01-21 17:00:00
"0000020.net";2017-01-21 17:00:00
"00000202.com";2017-01-20 17:00:00
"0000022.net";2017-01-20 17:00:00
"00000220.com";2017-01-20 17:00:00
"0000030.net";2017-01-21 17:00:00
"00000303.com";2017-01-20 17:00:00
"0000040.net";2017-01-21 17:00:00
"0000044444.net";2017-01-19 17:00:00
"0000050.net";2017-01-21 17:00:00
"00000505.com";2017-01-22 17:00:00
"0000055.net";2017-01-22 17:00:00
"00000550.com";2017-01-20 17:00:00
"0000055555.top";2017-01-21 00:00:00
"0000055555.net";2017-01-20 17:00:00
"0000055555.cc";2017-01-22 07:00:00
"0000060.net";2017-01-21 17:00:00
"00000606.com";2017-01-20 17:00:00
"0000066.net";2017-01-20 17:00:00
"0000066666.top";2017-01-24 00:00:00
"0000066666.net";2017-01-20 17:00:00
"0000066666.cc";2017-01-22 07:00:00
"0000070.net";2017-01-23 17:00:00
"00000707.com";2017-01-20 17:00:00
"0000077777.net";2017-01-20 17:00:00
"0000077777.top";2017-01-21 00:00:00
"0000077777.cc";2017-01-22 07:00:00
"0000077777.tv";2017-01-22 07:00:00
"0000077777.me";2017-01-22 01:00:00
"0000080.net";2017-01-22 17:00:00
"0000088888.top";2017-01-24 00:00:00
"0000088888.net";2017-01-20 17:00:00
"0000090.net";2017-01-21 17:00:00
"00000909.com";2017-01-22 17:00:00
"0000099999.tv";2017-01-22 07:00:00
"0000099999.cc";2017-01-22 07:00:00
"0000099999.me";2017-01-22 01:00:00
"0000099999.top";2017-01-21 00:00:00
"0000099999.org";2017-01-21 12:00:00
"0000099999.net";2017-01-23 17:00:00
"0000119.com";2017-01-22 17:00:00
"00001225.com";2017-01-22 17:00:00
"0000174.com";2017-01-22 17:00:00
"000018888.com";2017-01-20 17:00:00
"0000234.net";2017-01-23 17:00:00
"000028888.com";2017-01-20 17:00:00
"00003.top";2017-01-26 00:00:00
"00003388.com";2017-01-23 17:00:00
"0000344.com";2017-01-20 17:00:00
"0000345.net";2017-01-23 17:00:00
"0000348.com";2017-01-23 17:00:00
"000038888.com";2017-01-22 17:00:00
"00004.top";2017-01-26 00:00:00
"0000411.com";2017-01-20 17:00:00
"0000419.com";2017-01-20 17:00:00
"0000422.com";2017-01-20 17:00:00
"0000433.com";2017-01-20 17:00:00
"000046.top";2017-01-20 00:00:00
"000047.top";2017-01-26 00:00:00
"000048.top";2017-01-25 00:00:00
"000048888.com";2017-01-20 17:00:00
"000049.top";2017-01-24 00:00:00
"0000498.com";2017-01-22 17:00:00
"00005.top";2017-01-26 00:00:00
"000054.top";2017-01-27 00:00:00
"0000544.com";2017-01-21 17:00:00
"0000567.net";2017-01-23 17:00:00
"000058888.com";2017-01-20 17:00:00
"00006.top";2017-01-26 00:00:00
"000064.top";2017-01-27 00:00:00
"0000644.com";2017-01-21 17:00:00
"0000678.net";2017-01-21 17:00:00
"0000688.net";2017-01-23 17:00:00
"00007.top";2017-01-26 00:00:00
"000074.top";2017-01-26 00:00:00
"0000744.com";2017-01-21 17:00:00
"000078888.com";2017-01-20 17:00:00
"0000789.net";2017-01-23 17:00:00
"00008.top";2017-01-26 00:00:00
"000084.top";2017-01-26 00:00:00
"0000844.com";2017-01-21 17:00:00
"0000846.com";2017-01-23 17:00:00
"0000864.com";2017-01-23 17:00:00
"0000878.com";2017-01-22 17:00:00
"000088.biz";2017-01-21 16:00:00
"00009.top";2017-01-26 00:00:00
"0000942.com";2017-01-23 17:00:00
"0000943.com";2017-01-23 17:00:00
"0000944.com";2017-01-21 17:00:00
"0000948.com";2017-01-23 17:00:00
"000099.biz";2017-01-21 16:00:00
"00010.top";2017-01-26 00:00:00
"0001003.com";2017-01-23 17:00:00
"0001008.com";2017-01-20 17:00:00
"0001018.com";2017-01-23 17:00:00
"000102.top";2017-01-29 00:00:00
"0001028.com";2017-01-22 17:00:00
"000103.top";2017-01-26 00:00:00
"0001038.com";2017-01-22 17:00:00
"000104.net";2017-01-21 17:00:00
"000104.top";2017-01-26 00:00:00
"000105.top";2017-01-26 00:00:00
"000106.top";2017-01-29 00:00:00
"000107.top";2017-01-26 00:00:00
"0001077.com";2017-01-23 17:00:00
"0001078.com";2017-01-23 17:00:00
"000109.top";2017-01-26 00:00:00
"0001098.com";2017-01-20 17:00:00
"00011.top";2017-01-26 00:00:00
"0001108.com";2017-01-20 17:00:00
"000112.top";2017-01-21 00:00:00
"0001121.com";2017-01-20 17:00:00
"00011225.com";2017-01-21 17:00:00
"0001128.com";2017-01-20 17:00:00
"000113.top";2017-01-26 00:00:00
"000114.top";2017-01-26 00:00:00
"000115.top";2017-01-26 00:00:00
"0001158.com";2017-01-23 17:00:00
"000116.top";2017-01-26 00:00:00
"0001168.com";2017-01-22 17:00:00
"000117.top";2017-01-26 00:00:00
"0001178.com";2017-01-22 17:00:00
"000118.top";2017-01-21 00:00:00
"000119.top";2017-01-26 00:00:00
"0001198.com";2017-01-20 17:00:00
"00012.top";2017-01-26 00:00:00
"000121.top";2017-01-21 00:00:00
"000122.top";2017-01-26 00:00:00
"0001225.com";2017-01-21 17:00:00
"0001228.com";2017-01-20 17:00:00
"0001238.com";2017-01-22 17:00:00
"000124.top";2017-01-26 00:00:00
"000125.top";2017-01-26 00:00:00
"0001255.com";2017-01-23 17:00:00
"0001258.com";2017-01-23 17:00:00
"000126.net";2017-01-19 17:00:00
"000126.top";2017-01-26 00:00:00
"0001268.com";2017-01-23 17:00:00
"000127.top";2017-01-26 00:00:00
"000127.net";2017-01-19 17:00:00
"0001278.com";2017-01-23 17:00:00
"000128.top";2017-01-26 00:00:00
"000129.top";2017-01-26 00:00:00
"000129.net";2017-01-19 17:00:00
"0001299.com";2017-01-22 17:00:00
"00013.top";2017-01-26 00:00:00
"000130.top";2017-01-26 00:00:00
"000131.net";2017-01-19 17:00:00
"0001318.com";2017-01-20 17:00:00
"000132.net";2017-01-19 17:00:00
"0001322.com";2017-01-22 17:00:00
"000135.net";2017-01-19 17:00:00
"000136.net";2017-01-19 17:00:00
"000137.net";2017-01-19 17:00:00
"000139.net";2017-01-19 17:00:00
"0001399.com";2017-01-21 17:00:00
"00014.top";2017-01-26 00:00:00
"000140.top";2017-01-26 00:00:00
"000140.net";2017-01-22 17:00:00
"000141.net";2017-01-22 17:00:00
"000141.top";2017-01-26 00:00:00
"000142.top";2017-01-26 00:00:00
"000142.net";2017-01-22 17:00:00
"000143.net";2017-01-22 17:00:00
"000143.top";2017-01-26 00:00:00
"000144.top";2017-01-26 00:00:00
"000144.net";2017-01-22 17:00:00
"000145.net";2017-01-22 17:00:00
"000145.top";2017-01-26 00:00:00
"000146.top";2017-01-26 00:00:00
"000147.top";2017-01-26 00:00:00
"000147.net";2017-01-22 17:00:00
"000148.net";2017-01-21 17:00:00
"000148.top";2017-01-26 00:00:00
"000149.top";2017-01-26 00:00:00
"000149.net";2017-01-22 17:00:00
"00015.top";2017-01-26 00:00:00
"000150.top";2017-01-24 00:00:00
"000151.top";2017-01-24 00:00:00
"0001518.com";2017-01-23 17:00:00
"000152.net";2017-01-19 17:00:00
"000152.top";2017-01-26 00:00:00
"000153.top";2017-01-25 00:00:00
"000154.top";2017-01-26 00:00:00
"000155.top";2017-01-24 00:00:00
"000156.top";2017-01-20 00:00:00
"000157.top";2017-01-20 00:00:00
"000159.top";2017-01-24 00:00:00
"00016.top";2017-01-26 00:00:00
"000161.net";2017-01-19 17:00:00
"000162.net";2017-01-19 17:00:00
"000163.net";2017-01-19 17:00:00
"000164.net";2017-01-22 17:00:00
"000165.net";2017-01-19 17:00:00
"000166.top";2017-01-20 00:00:00
"000167.net";2017-01-19 17:00:00
"000169.net";2017-01-19 17:00:00
"000171.net";2017-01-19 17:00:00
"000173.net";2017-01-19 17:00:00
"000174.net";2017-01-22 17:00:00
"000175.net";2017-01-19 17:00:00
"000176.net";2017-01-19 17:00:00
"000177.top";2017-01-26 00:00:00
"000179.net";2017-01-19 17:00:00
"000182.net";2017-01-19 17:00:00
"0001828.com";2017-01-23 17:00:00
"000183.net";2017-01-19 17:00:00
"000184.net";2017-01-22 17:00:00
"000185.net";2017-01-19 17:00:00
"0001858.com";2017-01-23 17:00:00
"000186.net";2017-01-19 17:00:00
"0001868.com";2017-01-23 17:00:00
"000187.net";2017-01-19 17:00:00
"0001878.com";2017-01-23 17:00:00
"0001898.com";2017-01-23 17:00:00
"000191.net";2017-01-19 17:00:00
"000192.net";2017-01-19 17:00:00
"000193.net";2017-01-19 17:00:00
"000194.net";2017-01-22 17:00:00
"000195.net";2017-01-19 17:00:00
"000196.net";2017-01-19 17:00:00
"000197.net";2017-01-19 17:00:00
"000199.net";2017-01-19 17:00:00
"000199.top";2017-01-26 00:00:00
"0001997.com";2017-01-21 17:00:00
"0001998.com";2017-01-21 17:00:00
"0001kk.com";2017-01-20 17:00:00
"00020.co";2017-01-20 16:00:00
"0002000.net";2017-01-20 17:00:00
"000202.top";2017-01-21 00:00:00
"0002022.com";2017-01-23 17:00:00
"000204.net";2017-01-22 17:00:00
"0002066.com";2017-01-23 17:00:00
"000212.net";2017-01-19 17:00:00
"000213.net";2017-01-19 17:00:00
"000213.top";2017-01-27 00:00:00
"000214.net";2017-01-22 17:00:00
"000215.net";2017-01-19 17:00:00
"000216.net";2017-01-19 17:00:00
"0002168.com";2017-01-23 17:00:00
"000217.net";2017-01-19 17:00:00
"000218.net";2017-01-19 17:00:00
"000219.net";2017-01-19 17:00:00
"000221.net";2017-01-19 17:00:00
"000223.net";2017-01-19 17:00:00
"0002258.com";2017-01-22 17:00:00
"000226.net";2017-01-19 17:00:00
"000227.net";2017-01-19 17:00:00
"000229.net";2017-01-19 17:00:00
"000231.net";2017-01-19 17:00:00
"000232.net";2017-01-19 17:00:00
"000233.net";2017-01-19 17:00:00
"000238.net";2017-01-19 17:00:00
"000239.net";2017-01-19 17:00:00
"000241.net";2017-01-22 17:00:00
"000242.net";2017-01-22 17:00:00
"000243.net";2017-01-22 17:00:00
"000244.net";2017-01-22 17:00:00
"000245.net";2017-01-22 17:00:00
"000246.net";2017-01-22 17:00:00
"000247.net";2017-01-22 17:00:00
"000248.net";2017-01-22 17:00:00
"000249.net";2017-01-22 17:00:00
"000252.net";2017-01-19 17:00:00
"000253.net";2017-01-19 17:00:00
"000254.net";2017-01-22 17:00:00
"000255.net";2017-01-19 17:00:00
"000256.net";2017-01-19 17:00:00
"000261.net";2017-01-19 17:00:00
"000262.net";2017-01-19 17:00:00
"000263.net";2017-01-19 17:00:00
"000264.net";2017-01-22 17:00:00
"000265.net";2017-01-19 17:00:00
"000266.net";2017-01-19 17:00:00
"0002668.com";2017-01-20 17:00:00
"000268.net";2017-01-19 17:00:00
"000269.net";2017-01-19 17:00:00
"000274.net";2017-01-22 17:00:00
"000282.net";2017-01-19 17:00:00
"000283.net";2017-01-19 17:00:00
"000284.net";2017-01-22 17:00:00
"000285.net";2017-01-19 17:00:00
"000289.net";2017-01-19 17:00:00
"000292.net";2017-01-19 17:00:00
"000294.net";2017-01-22 17:00:00
"000295.net";2017-01-19 17:00:00
"000296.net";2017-01-19 17:00:00
"000298.net";2017-01-19 17:00:00
"000299.net";2017-01-19 17:00:00
"0002w.com";2017-01-23 17:00:00
"00030.co";2017-01-20 16:00:00
"0003000.net";2017-01-20 17:00:00
"000301.top";2017-01-24 00:00:00
"000302.net";2017-01-19 17:00:00
"000303.top";2017-01-21 00:00:00
"000304.net";2017-01-22 17:00:00
"000305.net";2017-01-20 17:00:00
"000306.net";2017-01-20 17:00:00
"000307.net";2017-01-20 17:00:00
"000310.net";2017-01-20 17:00:00
"000313.net";2017-01-19 17:00:00
"000314.net";2017-01-22 17:00:00
"000321.top";2017-01-24 00:00:00
"000322.net";2017-01-19 17:00:00
"000323.net";2017-01-19 17:00:00
"000324.net";2017-01-22 17:00:00
"000325.net";2017-01-19 17:00:00
"000326.net";2017-01-19 17:00:00
"000329.top";2017-01-23 00:00:00
"000334.net";2017-01-22 17:00:00
"000335.net";2017-01-19 17:00:00
"000339.net";2017-01-19 17:00:00
"000340.net";2017-01-22 17:00:00
"000341.net";2017-01-22 17:00:00
"000342.net";2017-01-22 17:00:00
"000343.net";2017-01-22 17:00:00
"000344.net";2017-01-22 17:00:00
"000346.net";2017-01-22 17:00:00
"000347.net";2017-01-22 17:00:00
"000348.net";2017-01-22 17:00:00
"000349.net";2017-01-22 17:00:00
"000353.net";2017-01-19 17:00:00
"000354.net";2017-01-22 17:00:00
"000355.net";2017-01-19 17:00:00
"000358.net";2017-01-19 17:00:00
"000359.net";2017-01-19 17:00:00
"000362.net";2017-01-19 17:00:00
"000363.net";2017-01-19 17:00:00
"000364.net";2017-01-22 17:00:00
"000367.net";2017-01-19 17:00:00
"000370.net";2017-01-20 17:00:00
"000371.net";2017-01-19 17:00:00
"000372.net";2017-01-19 17:00:00
"000373.net";2017-01-19 17:00:00
"000374.net";2017-01-22 17:00:00
"000375.net";2017-01-19 17:00:00
"000376.net";2017-01-19 17:00:00
"000377.net";2017-01-19 17:00:00
"000378.net";2017-01-19 17:00:00
"000379.net";2017-01-19 17:00:00
"000381.net";2017-01-19 17:00:00
"000382.net";2017-01-19 17:00:00
"000383.net";2017-01-19 17:00:00
"000384.net";2017-01-22 17:00:00
"000385.net";2017-01-19 17:00:00
"000386.net";2017-01-19 17:00:00
"000387.net";2017-01-19 17:00:00
"000389.net";2017-01-19 17:00:00
"000391.net";2017-01-19 17:00:00
"000392.net";2017-01-19 17:00:00
"000393.net";2017-01-19 17:00:00
"000394.net";2017-01-22 17:00:00
"000395.net";2017-01-19 17:00:00
"000396.net";2017-01-19 17:00:00
"000398.net";2017-01-19 17:00:00
"000399.net";2017-01-19 17:00:00
"000401.top";2017-01-24 00:00:00
"000402.top";2017-01-20 00:00:00
"000403.top";2017-01-24 00:00:00
"000404.top";2017-01-24 00:00:00
"000407.top";2017-01-24 00:00:00
"000408.top";2017-01-24 00:00:00
"000409.top";2017-01-25 00:00:00
"000410.top";2017-01-20 00:00:00
"000411.top";2017-01-24 00:00:00
"000413.top";2017-01-25 00:00:00
"000414.net";2017-01-21 17:00:00
"000415.top";2017-01-20 00:00:00
"000416.top";2017-01-25 00:00:00
"000416.net";2017-01-19 17:00:00
"000417.top";2017-01-25 00:00:00
"000418.top";2017-01-25 00:00:00
"000419.top";2017-01-24 00:00:00
"000420.top";2017-01-24 00:00:00
"000421.top";2017-01-24 00:00:00
"000422.top";2017-01-24 00:00:00
"000424.net";2017-01-21 17:00:00
"000425.top";2017-01-20 00:00:00
"000426.top";2017-01-24 00:00:00
"000427.net";2017-01-21 17:00:00
"000428.top";2017-01-24 00:00:00
"000429.top";2017-01-24 00:00:00
"000430.top";2017-01-24 00:00:00
"000431.net";2017-01-21 17:00:00
"000433.net";2017-01-21 17:00:00
"000434.net";2017-01-21 17:00:00
"000435.net";2017-01-21 17:00:00
"000436.net";2017-01-21 17:00:00
"000437.net";2017-01-21 17:00:00
"000438.net";2017-01-21 17:00:00
"000439.net";2017-01-21 17:00:00
"000441.net";2017-01-21 17:00:00
"000442.net";2017-01-21 17:00:00
"000443.net";2017-01-21 17:00:00
"000444.biz";2017-01-21 16:00:00
"000445.net";2017-01-21 17:00:00
"000447.net";2017-01-21 17:00:00
"000448.net";2017-01-21 17:00:00
"000448888.com";2017-01-20 17:00:00
"000449.net";2017-01-21 17:00:00
"000450.net";2017-01-21 17:00:00
"000451.net";2017-01-21 17:00:00
"000452.net";2017-01-21 17:00:00
"000453.net";2017-01-21 17:00:00
"000454.net";2017-01-21 17:00:00
"000455.net";2017-01-21 17:00:00
"000457.net";2017-01-21 17:00:00
"000458.net";2017-01-21 17:00:00
"000459.net";2017-01-21 17:00:00
"000460.net";2017-01-21 17:00:00
"000461.net";2017-01-21 17:00:00
"000462.net";2017-01-21 17:00:00
"000463.net";2017-01-21 17:00:00
"000464.net";2017-01-21 17:00:00
"000465.net";2017-01-21 17:00:00
"000466.net";2017-01-21 17:00:00
"000467.net";2017-01-21 17:00:00
"000468.net";2017-01-21 17:00:00
"0004688.com";2017-01-23 17:00:00
"000469.net";2017-01-21 17:00:00
"000470.net";2017-01-21 17:00:00
"000471.net";2017-01-21 17:00:00
"000472.net";2017-01-21 17:00:00
"000473.net";2017-01-21 17:00:00
"000474.net";2017-01-21 17:00:00
"000475.net";2017-01-21 17:00:00
"000476.net";2017-01-21 17:00:00
"000477.net";2017-01-21 17:00:00
"000478.net";2017-01-21 17:00:00
"000479.net";2017-01-21 17:00:00
"000480.net";2017-01-21 17:00:00
"000481.net";2017-01-21 17:00:00
"000482.net";2017-01-21 17:00:00
"000483.net";2017-01-21 17:00:00
"000484.net";2017-01-21 17:00:00
"000485.net";2017-01-21 17:00:00
"000486.net";2017-01-21 17:00:00
"000487.net";2017-01-21 17:00:00
"000489.net";2017-01-21 17:00:00
"000490.net";2017-01-21 17:00:00
"000491.net";2017-01-21 17:00:00
"000492.net";2017-01-21 17:00:00
"000493.net";2017-01-21 17:00:00
"000494.net";2017-01-21 17:00:00
"000495.net";2017-01-21 17:00:00
"000496.net";2017-01-21 17:00:00
"000497.net";2017-01-21 17:00:00
"000498.top";2017-01-25 00:00:00
"00050.co";2017-01-20 16:00:00
"0005000.net";2017-01-20 17:00:00
"000501.top";2017-01-24 00:00:00
"000502.top";2017-01-24 00:00:00
"000503.top";2017-01-20 00:00:00
"000504.top";2017-01-24 00:00:00
"000505.top";2017-01-24 00:00:00
"000506.top";2017-01-24 00:00:00
"000507.top";2017-01-25 00:00:00
"000509.top";2017-01-25 00:00:00
"00051.org";2017-01-21 12:00:00
"000510.top";2017-01-25 00:00:00
"000511.top";2017-01-24 00:00:00
"000512.net";2017-01-19 17:00:00
"000513.top";2017-01-25 00:00:00
"000514.top";2017-01-25 00:00:00
"000516.top";2017-01-25 00:00:00
"000517.top";2017-01-20 00:00:00
"000519.top";2017-01-24 00:00:00
"0005198.com";2017-01-23 17:00:00
"000521.top";2017-01-24 00:00:00
"000523.top";2017-01-24 00:00:00
"000524.top";2017-01-25 00:00:00
"000525.top";2017-01-24 00:00:00
"000526.top";2017-01-25 00:00:00
"000529.top";2017-01-25 00:00:00
"000530.top";2017-01-25 00:00:00
"000531.top";2017-01-25 00:00:00
"000532.top";2017-01-24 00:00:00
"000533.top";2017-01-24 00:00:00
"000534.top";2017-01-25 00:00:00
"000536.top";2017-01-25 00:00:00
"000537.top";2017-01-24 00:00:00
"000539.top";2017-01-20 00:00:00
"000540.top";2017-01-20 00:00:00
"000541.top";2017-01-24 00:00:00
"000543.top";2017-01-24 00:00:00
"000544.top";2017-01-24 00:00:00
"000545.top";2017-01-24 00:00:00
"000546.top";2017-01-24 00:00:00
"000547.top";2017-01-20 00:00:00
"000548.top";2017-01-24 00:00:00
"000550.top";2017-01-20 00:00:00
"000551.top";2017-01-24 00:00:00
"000552.top";2017-01-24 00:00:00
"000553.top";2017-01-24 00:00:00
"000554.top";2017-01-24 00:00:00
"000557.top";2017-01-24 00:00:00
"000559.top";2017-01-20 00:00:00
"000560.top";2017-01-24 00:00:00
"000561.top";2017-01-24 00:00:00
"000563.top";2017-01-24 00:00:00
"000564.top";2017-01-24 00:00:00
"000565.top";2017-01-24 00:00:00
"000566.top";2017-01-20 00:00:00
"000570.top";2017-01-24 00:00:00
"000571.top";2017-01-25 00:00:00
"0005711.com";2017-01-23 17:00:00
"000572.top";2017-01-25 00:00:00
"0005722.com";2017-01-23 17:00:00
"000573.top";2017-01-25 00:00:00
"000574.net";2017-01-21 17:00:00
"000576.top";2017-01-24 00:00:00
"000577.net";2017-01-19 17:00:00
"000581.top";2017-01-20 00:00:00
"0005818.com";2017-01-23 17:00:00
"000582.top";2017-01-24 00:00:00
"000584.top";2017-01-24 00:00:00
"000585.top";2017-01-21 00:00:00
"000586.top";2017-01-24 00:00:00
"0005866.com";2017-01-23 17:00:00
"0005868.com";2017-01-23 17:00:00
"000587.top";2017-01-24 00:00:00
"000589.top";2017-01-24 00:00:00
"0005899.com";2017-01-23 17:00:00
"000590.top";2017-01-24 00:00:00
"000591.top";2017-01-24 00:00:00
"000592.top";2017-01-25 00:00:00
"000593.top";2017-01-24 00:00:00
"000594.net";2017-01-21 17:00:00
"000595.top";2017-01-24 00:00:00
"000596.top";2017-01-24 00:00:00
"000597.top";2017-01-24 00:00:00
"000599.top";2017-01-24 00:00:00
"00060.co";2017-01-20 16:00:00
"0006000.net";2017-01-20 17:00:00
"0006008.com";2017-01-22 17:00:00
"000601.top";2017-01-24 00:00:00
"000602.top";2017-01-23 00:00:00
"000603.top";2017-01-24 00:00:00
"000604.net";2017-01-21 17:00:00
"000605.top";2017-01-24 00:00:00
"000606.top";2017-01-24 00:00:00
"000607.top";2017-01-24 00:00:00
"000609.top";2017-01-24 00:00:00
"00061.org";2017-01-20 12:00:00
"000610.top";2017-01-24 00:00:00
"000611.top";2017-01-24 00:00:00
"000612.top";2017-01-24 00:00:00
"000613.top";2017-01-24 00:00:00
"000614.net";2017-01-21 17:00:00
"000615.top";2017-01-24 00:00:00
"000616.top";2017-01-24 00:00:00
"000617.top";2017-01-24 00:00:00
"000619.top";2017-01-24 00:00:00
"000620.top";2017-01-20 00:00:00
"000622.top";2017-01-24 00:00:00
"000623.top";2017-01-20 00:00:00
"000624.net";2017-01-21 17:00:00
"000625.top";2017-01-20 00:00:00
"000627.top";2017-01-24 00:00:00
"000629.top";2017-01-24 00:00:00
"000630.top";2017-01-20 00:00:00
"000631.top";2017-01-24 00:00:00
"000632.top";2017-01-24 00:00:00
"000633.top";2017-01-24 00:00:00
"000634.net";2017-01-21 17:00:00
"000635.top";2017-01-24 00:00:00
"000636.top";2017-01-24 00:00:00
"000637.top";2017-01-24 00:00:00
"000639.top";2017-01-24 00:00:00
"0006399.com";2017-01-23 17:00:00
"000640.net";2017-01-21 17:00:00
"000642.net";2017-01-21 17:00:00
"000643.net";2017-01-21 17:00:00
"000644.net";2017-01-21 17:00:00
"000645.net";2017-01-21 17:00:00
"000646.net";2017-01-21 17:00:00
"000647.net";2017-01-21 17:00:00
"000648.net";2017-01-21 17:00:00
"000649.net";2017-01-21 17:00:00
"000650.top";2017-01-24 00:00:00
"000652.top";2017-01-24 00:00:00
"000655.top";2017-01-24 00:00:00
"000656.top";2017-01-20 00:00:00
"0006566.com";2017-01-23 17:00:00
"000657.top";2017-01-24 00:00:00
"0006577.com";2017-01-23 17:00:00
"000659.top";2017-01-24 00:00:00
"0006599.com";2017-01-23 17:00:00
"0006606.com";2017-01-22 17:00:00
"0006608.com";2017-01-22 17:00:00
"000661.top";2017-01-20 00:00:00
"0006618.com";2017-01-23 17:00:00
"000662.top";2017-01-24 00:00:00
"0006628.com";2017-01-23 17:00:00
"000663.top";2017-01-24 00:00:00
"000664.net";2017-01-21 17:00:00
"000665.top";2017-01-24 00:00:00
"000667.top";2017-01-24 00:00:00
"0006676.com";2017-01-19 17:00:00
"0006686.com";2017-01-19 17:00:00
"000669.top";2017-01-22 00:00:00
"0006698.com";2017-01-23 17:00:00
"000670.top";2017-01-24 00:00:00
"0006700.com";2017-01-23 17:00:00
"000671.top";2017-01-20 00:00:00
"000672.top";2017-01-24 00:00:00
"000673.top";2017-01-24 00:00:00
"000674.net";2017-01-21 17:00:00
"000676.top";2017-01-24 00:00:00
"000677.top";2017-01-24 00:00:00
"0006786.com";2017-01-23 17:00:00
"000679.top";2017-01-24 00:00:00
"000680.top";2017-01-24 00:00:00
"000681.top";2017-01-24 00:00:00
"000682.top";2017-01-24 00:00:00
"000683.top";2017-01-24 00:00:00
"000684.net";2017-01-21 17:00:00
"000685.top";2017-01-24 00:00:00
"000686.top";2017-01-20 00:00:00
"000687.top";2017-01-24 00:00:00
"0006886.com";2017-01-23 17:00:00
"0006898.com";2017-01-23 17:00:00
"0006899.com";2017-01-23 17:00:00
"00069.org";2017-01-21 12:00:00
"000690.top";2017-01-20 00:00:00
"000691.top";2017-01-24 00:00:00
"000692.top";2017-01-24 00:00:00
"000693.top";2017-01-24 00:00:00
"000694.net";2017-01-21 17:00:00
"000695.top";2017-01-24 00:00:00
"000696.top";2017-01-21 00:00:00
"000696.net";2017-01-19 17:00:00
"000697.top";2017-01-24 00:00:00
"0006998.com";2017-01-23 17:00:00
"00070.co";2017-01-20 16:00:00
"000700.top";2017-01-21 00:00:00
"000701.top";2017-01-24 00:00:00
"000702.top";2017-01-24 00:00:00
"000703.top";2017-01-24 00:00:00
"000704.net";2017-01-21 17:00:00
"000705.top";2017-01-24 00:00:00
"000706.net";2017-01-20 17:00:00
"000707.top";2017-01-24 00:00:00
"000709.top";2017-01-20 00:00:00
"000710.top";2017-01-24 00:00:00
"000711.top";2017-01-24 00:00:00
"000712.top";2017-01-20 00:00:00
"000713.top";2017-01-25 00:00:00
"000714.net";2017-01-21 17:00:00
"000715.top";2017-01-25 00:00:00
"000716.top";2017-01-25 00:00:00
"000717.top";2017-01-24 00:00:00
"000719.top";2017-01-24 00:00:00
"000720.top";2017-01-25 00:00:00
"000721.top";2017-01-24 00:00:00
"000722.top";2017-01-24 00:00:00
"000723.top";2017-01-24 00:00:00
"000724.net";2017-01-21 17:00:00
"000725.top";2017-01-20 00:00:00
"000726.top";2017-01-24 00:00:00
"000727.top";2017-01-24 00:00:00
"000729.top";2017-01-20 00:00:00
"000731.top";2017-01-24 00:00:00
"000732.top";2017-01-20 00:00:00
"000733.top";2017-01-24 00:00:00
"000734.net";2017-01-21 17:00:00
"000735.top";2017-01-24 00:00:00
"000736.top";2017-01-24 00:00:00
"000737.top";2017-01-24 00:00:00
"000739.top";2017-01-24 00:00:00
"000740.net";2017-01-21 17:00:00
"000741.net";2017-01-21 17:00:00
"000742.net";2017-01-21 17:00:00
"000743.net";2017-01-21 17:00:00
"000744.net";2017-01-21 17:00:00
"000745.net";2017-01-21 17:00:00
"000746.net";2017-01-21 17:00:00
"000747.net";2017-01-21 17:00:00
"000748.top";2017-01-20 00:00:00
"000749.net";2017-01-21 17:00:00
"000752.top";2017-01-25 00:00:00
"000753.top";2017-01-25 00:00:00
"000754.net";2017-01-21 17:00:00
"000755.top";2017-01-24 00:00:00
"000756.top";2017-01-25 00:00:00
"000757.top";2017-01-24 00:00:00
"000759.top";2017-01-24 00:00:00
"000760.top";2017-01-24 00:00:00
"000761.top";2017-01-24 00:00:00
"000762.top";2017-01-24 00:00:00
"000764.net";2017-01-21 17:00:00
"000765.top";2017-01-24 00:00:00
"000766.top";2017-01-24 00:00:00
"000767.top";2017-01-24 00:00:00
"000771.net";2017-01-19 17:00:00
"0007718.com";2017-01-23 17:00:00
"000773.net";2017-01-19 17:00:00
"000774.net";2017-01-21 17:00:00
"000775.net";2017-01-19 17:00:00
"0007758.com";2017-01-23 17:00:00
"000779.top";2017-01-25 00:00:00
"0007798.com";2017-01-23 17:00:00
"000780.top";2017-01-25 00:00:00
"000782.top";2017-01-24 00:00:00
"000783.top";2017-01-20 00:00:00
"000784.net";2017-01-21 17:00:00
"000785.top";2017-01-24 00:00:00
"000786.top";2017-01-20 00:00:00
"0007879.com";2017-01-21 17:00:00
"000788.org";2017-01-24 12:00:00
"000790.top";2017-01-24 00:00:00
"000791.top";2017-01-24 00:00:00
"000792.top";2017-01-20 00:00:00
"000794.net";2017-01-21 17:00:00
"000795.top";2017-01-24 00:00:00
"000796.top";2017-01-24 00:00:00
"000797.top";2017-01-24 00:00:00
"000799.top";2017-01-24 00:00:00
"000801.top";2017-01-24 00:00:00
"000802.top";2017-01-24 00:00:00
"000803.top";2017-01-25 00:00:00
"0008030.com";2017-01-23 17:00:00
"0008033.com";2017-01-23 17:00:00
"0008038.com";2017-01-23 17:00:00
"000804.net";2017-01-21 17:00:00
"0008058.com";2017-01-23 17:00:00
"000806.top";2017-01-20 00:00:00
"0008060.com";2017-01-23 17:00:00
"0008066.com";2017-01-23 17:00:00
"000807.top";2017-01-25 00:00:00
"0008077.com";2017-01-23 17:00:00
"000809.top";2017-01-25 00:00:00
"0008090.com";2017-01-23 17:00:00
"0008099.com";2017-01-23 17:00:00
"000810.top";2017-01-25 00:00:00
"0008100.com";2017-01-23 17:00:00
"000811.top";2017-01-24 00:00:00
"0008118.com";2017-01-23 17:00:00
"000812.top";2017-01-24 00:00:00
"000813.top";2017-01-24 00:00:00
"000814.net";2017-01-21 17:00:00
"000815.top";2017-01-24 00:00:00
"0008168.com";2017-01-23 17:00:00
"000819.top";2017-01-24 00:00:00
"000820.top";2017-01-25 00:00:00
"0008200.com";2017-01-23 17:00:00
"000821.top";2017-01-25 00:00:00
"000822.top";2017-01-25 00:00:00
"0008228.com";2017-01-23 17:00:00
"000823.top";2017-01-25 00:00:00
"0008234.com";2017-01-23 17:00:00
"000824.net";2017-01-21 17:00:00
"000825.top";2017-01-20 00:00:00
"000826.top";2017-01-20 00:00:00
"0008266.com";2017-01-23 17:00:00
"000829.top";2017-01-24 00:00:00
"0008299.com";2017-01-23 17:00:00
"000830.top";2017-01-24 00:00:00
"0008300.com";2017-01-23 17:00:00
"000831.top";2017-01-24 00:00:00
"000833.top";2017-01-24 00:00:00
"0008338.com";2017-01-23 17:00:00
"000834.net";2017-01-21 17:00:00
"000835.top";2017-01-24 00:00:00
"000836.top";2017-01-25 00:00:00
"000837.top";2017-01-25 00:00:00
"000839.top";2017-01-20 00:00:00
"000840.net";2017-01-21 17:00:00
"000841.net";2017-01-21 17:00:00
"000842.net";2017-01-21 17:00:00
"000843.net";2017-01-21 17:00:00
"000844.net";2017-01-21 17:00:00
"000845.net";2017-01-21 17:00:00
"000846.net";2017-01-21 17:00:00
"000847.net";2017-01-21 17:00:00
"000848.top";2017-01-25 00:00:00
"000849.net";2017-01-22 17:00:00
"000850.top";2017-01-24 00:00:00
"000851.top";2017-01-24 00:00:00
"000852.top";2017-01-24 00:00:00
"000854.net";2017-01-21 17:00:00
"000855.top";2017-01-24 00:00:00
"000856.top";2017-01-24 00:00:00
"000859.top";2017-01-24 00:00:00
"00086.info";2017-01-22 09:00:00
"000860.top";2017-01-25 00:00:00
"0008600.com";2017-01-22 17:00:00
"000861.top";2017-01-25 00:00:00
"000862.top";2017-01-25 00:00:00
"000863.top";2017-01-24 00:00:00
"000864.net";2017-01-21 17:00:00
"00086578.com";2017-01-23 17:00:00
"000866.top";2017-01-24 00:00:00
"0008668.com";2017-01-23 17:00:00
"0008676.com";2017-01-23 17:00:00
"000869.top";2017-01-20 00:00:00
"0008699.com";2017-01-23 17:00:00
"0008700.com";2017-01-23 17:00:00
"000874.net";2017-01-21 17:00:00
"000875.top";2017-01-24 00:00:00
"000877.top";2017-01-24 00:00:00
"000878.net";2017-01-22 17:00:00
"0008799.com";2017-01-23 17:00:00
"000880.top";2017-01-21 00:00:00
"0008806.com";2017-01-22 17:00:00
"000881.top";2017-01-21 00:00:00
"000882.top";2017-01-24 00:00:00
"000883.top";2017-01-20 00:00:00
"000884.net";2017-01-21 17:00:00
"000885.top";2017-01-24 00:00:00
"000886.top";2017-01-24 00:00:00
"000887.top";2017-01-20 00:00:00
"000889.top";2017-01-25 00:00:00
"000890.top";2017-01-25 00:00:00
"000892.top";2017-01-25 00:00:00
"000893.top";2017-01-25 00:00:00
"000894.net";2017-01-21 17:00:00
"000895.top";2017-01-20 00:00:00
"000897.top";2017-01-25 00:00:00
"00090.co";2017-01-20 16:00:00
"000901.top";2017-01-20 00:00:00
"000902.top";2017-01-25 00:00:00
"000903.top";2017-01-24 00:00:00
"000904.net";2017-01-21 17:00:00
"000905.top";2017-01-24 00:00:00
"000906.top";2017-01-24 00:00:00
"000910.top";2017-01-24 00:00:00
"000912.top";2017-01-24 00:00:00
"000914.net";2017-01-21 17:00:00
"000915.top";2017-01-25 00:00:00
"000916.top";2017-01-25 00:00:00
"000917.top";2017-01-20 00:00:00
"000919.top";2017-01-25 00:00:00
"000920.top";2017-01-25 00:00:00
"000921.top";2017-01-24 00:00:00
"000922.top";2017-01-24 00:00:00
"000923.top";2017-01-24 00:00:00
"000924.net";2017-01-21 17:00:00
"000925.top";2017-01-24 00:00:00
"000926.top";2017-01-24 00:00:00
"000927.top";2017-01-25 00:00:00
"000929.top";2017-01-25 00:00:00
"000930.top";2017-01-20 00:00:00
"000931.top";2017-01-25 00:00:00
"000932.top";2017-01-24 00:00:00
"000933.top";2017-01-24 00:00:00
"000934.net";2017-01-21 17:00:00
"000935.top";2017-01-24 00:00:00
"000936.top";2017-01-24 00:00:00
"000937.top";2017-01-20 00:00:00
"000939.top";2017-01-24 00:00:00
"000940.net";2017-01-21 17:00:00
"000941.net";2017-01-21 17:00:00
"000942.net";2017-01-21 17:00:00
"000943.net";2017-01-21 17:00:00
"000944.net";2017-01-21 17:00:00
"000945.net";2017-01-21 17:00:00
"000946.net";2017-01-21 17:00:00
"000947.net";2017-01-21 17:00:00
"000948.top";2017-01-25 00:00:00
"000949.top";2017-01-25 00:00:00
"000950.top";2017-01-25 00:00:00
"000951.top";2017-01-24 00:00:00
"0009518.com";2017-01-23 17:00:00
"000952.top";2017-01-24 00:00:00
"000953.top";2017-01-24 00:00:00
"000954.net";2017-01-21 17:00:00
"000955.top";2017-01-24 00:00:00
"000957.top";2017-01-25 00:00:00
"000959.top";2017-01-25 00:00:00
"00096.org";2017-01-21 12:00:00
"000960.top";2017-01-25 00:00:00
"000961.top";2017-01-20 00:00:00
"000962.top";2017-01-24 00:00:00
"000963.top";2017-01-20 00:00:00
"000964.net";2017-01-21 17:00:00
"000965.top";2017-01-24 00:00:00
"000966.top";2017-01-24 00:00:00
"000967.top";2017-01-24 00:00:00
"000969.top";2017-01-24 00:00:00
"000970.top";2017-01-20 00:00:00
"000971.top";2017-01-24 00:00:00
"000972.top";2017-01-24 00:00:00
"000973.top";2017-01-24 00:00:00
"000974.net";2017-01-21 17:00:00
"000975.top";2017-01-24 00:00:00
"000976.top";2017-01-24 00:00:00
"000977.top";2017-01-20 00:00:00
"000979.top";2017-01-24 00:00:00
"000980.top";2017-01-24 00:00:00
"000981.top";2017-01-20 00:00:00
"000982.top";2017-01-24 00:00:00
"000983.top";2017-01-20 00:00:00
"000984.net";2017-01-21 17:00:00
"000985.top";2017-01-24 00:00:00
"000989.top";2017-01-21 00:00:00
"000990.top";2017-01-24 00:00:00
"0009918.com";2017-01-23 17:00:00
"000993.top";2017-01-24 00:00:00
"000994.net";2017-01-22 17:00:00
"000995.top";2017-01-24 00:00:00
"000996.top";2017-01-21 00:00:00
"0009968.com";2017-01-23 17:00:00
"000997.top";2017-01-20 00:00:00
"00099999.net";2017-01-19 17:00:00
"000999fs.com";2017-01-21 17:00:00
"000aa.cc";2017-01-22 07:00:00
"000ab.cc";2017-01-22 07:00:00
"000ac.cc";2017-01-22 07:00:00
"000ae.cc";2017-01-22 07:00:00
"000af.cc";2017-01-22 07:00:00
"000ah.com";2017-01-22 17:00:00
"000ay.cc";2017-01-22 07:00:00
"000bd.cc";2017-01-22 07:00:00
"000best.com";2017-01-22 17:00:00
"000bl.cc";2017-01-22 07:00:00
"000bo.cc";2017-01-22 07:00:00
"000br.cc";2017-01-22 07:00:00
"000dating.com";2017-01-21 17:00:00
"000hogaresfelices.com";2017-01-20 17:00:00
"000ii.com";2017-01-21 17:00:00
"000n.net";2017-01-19 17:00:00
"000p.net";2017-01-21 17:00:00
"000r.net";2017-01-19 17:00:00
"000s.net";2017-01-21 17:00:00
"000sl.com";2017-01-20 17:00:00
"000sss.top";2017-01-29 00:00:00
"000v.net";2017-01-19 17:00:00
"000vv.com";2017-01-21 17:00:00
"000webhosting.nu";2017-03-09 03:00:00
"000xp.com";2017-01-22 17:00:00
"000yyy.top";2017-01-29 00:00:00
"000z.net";2017-01-19 17:00:00
"001060.net";2017-01-23 17:00:00
"00106666.com";2017-01-21 17:00:00
"0011.se";2017-02-07 03:00:00
"001108.net";2017-01-21 17:00:00
"00111010.com";2017-01-22 17:00:00
"00111011.com";2017-01-22 17:00:00
"001111.biz";2017-01-21 16:00:00
"001115.net";2017-01-22 17:00:00
"001117.net";2017-01-21 17:00:00
"001119.net";2017-01-22 17:00:00
"00112345.com";2017-01-19 17:00:00
"00114488.com";2017-01-23 17:00:00
"001151.net";2017-01-22 17:00:00
"00116.org";2017-01-21 12:00:00
"001166.biz";2017-01-21 16:00:00
"001168.cc";2017-01-20 07:00:00
"001178.cc";2017-01-20 07:00:00
"001188.biz";2017-01-21 16:00:00
"001198.cc";2017-01-20 07:00:00
"0011999.net";2017-01-23 17:00:00
"0011b.com";2017-01-21 17:00:00
"001210.net";2017-01-22 17:00:00
"001211.net";2017-01-22 17:00:00
"001220.net";2017-01-22 17:00:00
"001221.net";2017-01-22 17:00:00
"001222.net";2017-01-23 17:00:00
"001222.top";2017-01-23 00:00:00
"001223.net";2017-01-21 17:00:00
"001224.net";2017-01-22 17:00:00
"001225.net";2017-01-22 17:00:00
"001226.net";2017-01-22 17:00:00
"001227.net";2017-01-22 17:00:00
"001228.net";2017-01-22 17:00:00
"001229.net";2017-01-22 17:00:00
"001233.net";2017-01-22 17:00:00
"001234.biz";2017-01-21 16:00:00
"001244.net";2017-01-22 17:00:00
"00126666.com";2017-01-23 17:00:00
"001277.net";2017-01-22 17:00:00
"001299.net";2017-01-22 17:00:00
"001300.net";2017-01-22 17:00:00
"001311.net";2017-01-22 17:00:00
"001312.net";2017-01-22 17:00:00
"001313.net";2017-01-22 17:00:00
"001333.top";2017-01-23 00:00:00
"001335.net";2017-01-22 17:00:00

